observation,loglik_gaussian,loglik_t,difference_t_minus_gaussian,non_extreme_rank,non_extreme_fitted_cdf
1,0.22110061108703272,0.21668881198542556,-0.004411799101607161,True,True
2,0.25093967881338897,0.44666573700581225,0.19572605819242328,True,True
3,1.7882724738853981,1.7674309917003956,-0.02084148218500248,False,False
4,0.6574557409045907,0.39103705958329193,-0.26641868132129876,False,False
5,-1.940206519001359,-0.02671712168721463,1.9134893973141445,False,False
6,1.6483227575447037,2.0267588015057028,0.37843604396099906,True,True
7,-0.4170985367095381,-0.6467482507549516,-0.22964971404541346,True,True
8,0.27158522373663246,0.41738013954050146,0.145794915803869,True,True
9,0.13310914026821097,0.17862429710422445,0.04551515683601348,True,True
10,0.2874674574886199,0.5053261082695015,0.21785865078088162,True,True
11,0.2940338926877009,0.3744593540339385,0.08042546134623757,True,True
12,-0.18062618786119222,-0.33509960549177054,-0.1544734176305783,True,True
13,0.004622894043652903,-0.04784416399624147,-0.052467058039894376,True,True
14,0.6964273753458574,0.9148550260375794,0.218427650691722,True,True
15,0.47220233900178954,0.17633454497686163,-0.2958677940249279,False,False
16,0.15729694263773186,0.1287235547830443,-0.02857338785468755,True,True
17,0.20445526501161387,0.32904070736928004,0.12458544235766617,True,True
18,0.7216155858841133,0.4980868983657629,-0.22352868751835042,True,True
19,-0.6426814584777762,-0.8152477273549037,-0.17256626887712745,True,True
20,1.8134592469000665,1.8382907748673993,0.02483152796733279,False,False
21,0.08268227583250809,-1.0963333875114376,-1.1790156633439457,False,False
22,0.37913857863869976,0.7125181999329264,0.33337962129422666,True,True
23,0.6190232487984404,0.5393685734584812,-0.07965467533995918,True,True
24,1.1625043928091205,1.164111217949639,0.0016068251405183531,True,True
25,-0.076805605625963,-0.18372269390162588,-0.10691708827566287,True,True
26,0.213450242195902,0.3343530246810622,0.1209027824851602,True,True
27,0.6068175394392772,0.6266139860488984,0.01979644660962121,True,True
28,0.0034547235539671983,-0.07914720099094508,-0.08260192454491228,True,True
29,0.49798360343113335,0.6533267494568973,0.15534314602576393,True,True
30,2.543375586698941,2.77217974571197,0.22880415901302875,False,False
31,1.1242057943994728,0.9734104116277287,-0.1507953827717441,False,True
32,0.4707290173580591,0.7612366821221794,0.2905076647641203,True,True
33,0.34938828677860745,0.6429700917297234,0.29358180495111597,True,True
34,0.8798147304828738,0.7240019068711598,-0.155812823611714,True,True
35,-0.8032470242778624,-1.3038015020766167,-0.5005544777987543,False,False
36,0.37701238994306413,0.660642568797376,0.2836301788543119,True,True
37,0.6985776550192311,0.5877953708050114,-0.11078228421421965,True,True
38,-0.9036157782269081,-0.6844190595727477,0.21919671865416035,True,True
39,0.36843309747414554,0.6592520403609279,0.29081894288678234,True,True
40,0.4212414832425951,0.7781968570607631,0.35695537381816805,True,True
41,0.24284071679211283,0.3972581867410132,0.15441746994890038,True,True
42,0.19351134129435155,0.004271512325034976,-0.18923982896931657,True,True
43,1.6576383148622984,1.9546633956481179,0.29702508078581946,True,True
44,-0.9037826330158127,-1.04880289902807,-0.14502026601225726,True,True
45,-0.6083942947225651,-1.0173021731125207,-0.40890787838995557,True,True
46,-1.6684325681427934,-1.7689709970659893,-0.10053842892319587,False,False
47,0.7035776082632198,1.0073788131804142,0.3038012049171944,True,True
48,2.9661529663454673,3.4521470724776053,0.485994106132138,False,False
49,0.18141138650606647,0.2874756754225358,0.10606428891646935,True,True
50,-0.8964704523940901,-1.1495978030827763,-0.2531273506886862,False,False
51,0.337427611616416,0.5992817189403166,0.2618541073239006,True,True
52,0.6766419007208937,0.538324960822357,-0.13831693989853666,True,True
53,0.5009753451859548,0.8469123607689433,0.3459370155829885,True,True
54,-2.221849537717076,-0.9108018076822848,1.3110477300347911,False,False
55,-0.06108626744539758,-0.25263575734317634,-0.19154948989777876,True,True
56,0.7721880493275429,0.9258462853907425,0.15365823606319962,True,True
57,0.5211321920620229,0.7316622268156525,0.21053003475362964,True,True
58,-0.01166258572563228,-0.0504494076177302,-0.03878682189209792,True,True
59,0.12028591650706133,0.03014666556176504,-0.09013925094529629,True,True
60,0.5413339085638252,0.6653919059254303,0.12405799736160505,True,True
61,-1.305920305598118,-0.05662424344677497,1.249296062151343,False,False
62,0.4212713152317336,0.6002850975228413,0.1790137822911077,True,True
63,0.37166260636869214,0.6294784531664019,0.2578158467977098,True,True
64,-0.4744679474429093,-0.8196650402316727,-0.3451970927887634,True,True
65,1.7334397636696306,2.093259880795241,0.35982011712561035,True,True
66,2.0330973666272794,1.8141952560264745,-0.2189021106008049,False,False
67,0.19385844668919616,0.31523620536353425,0.12137775867433809,True,True
68,0.3824526030463664,0.39234211993762447,0.009889516891258054,True,True
69,0.11643186761764968,0.1252851393902441,0.008853271772594429,True,True
70,0.36534446220769545,0.17076313488308958,-0.19458132732460587,True,True
71,0.46973576722525223,0.7207370957288854,0.2510013285036332,True,True
72,0.05589378071209228,-0.41563607294110394,-0.4715298536531962,False,False
73,3.9522947399581936,4.979401799171219,1.0271070592130256,False,False
74,1.5575897735506556,1.783867937479811,0.22627816392915534,True,True
75,0.07055876582067255,-0.061173945871176194,-0.13173271169184875,True,True
76,-0.8401725934943158,0.2743002108514503,1.1144728043457661,False,False
77,0.672365914613885,0.6164400427806269,-0.055925871833258034,True,True
78,0.2057027138626637,-0.4286826193746833,-0.634385333237347,False,False
79,-0.21660061236573003,-0.3350975985409992,-0.11849698617526916,True,True
80,0.3209566044061657,0.4513959309515405,0.13043932654537482,True,True
81,-0.4696501210852664,-0.665585598663438,-0.19593547757817165,True,True
82,0.20580505332175503,0.13000155183286122,-0.07580350148889381,True,True
83,1.8893956374981649,1.825827689244563,-0.06356794825360179,False,False
84,0.3593649128788732,0.19072535417172531,-0.16863955870714786,True,True
85,0.6585740281932855,0.9963795941701705,0.33780556597688505,True,True
86,0.29776580720529905,0.4644889326256574,0.16672312542035833,True,True
87,-5.249465039832395,0.84725061275455,6.096715652586945,False,False
88,0.3284298402088872,0.5733313392015935,0.2449014989927063,True,True
89,-0.37330047807597166,-0.15383526701181172,0.21946521106415995,True,True
90,0.4530999824641614,0.5881995059622063,0.13509952349804488,True,True
91,0.6616496527574671,1.0059046948828083,0.3442550421253412,True,True
92,0.22033924734912302,0.12379831341073722,-0.09654093393838581,True,True
93,-3.277427279604802,-1.6282767403879923,1.6491505392168095,False,False
94,0.07237366235333265,0.06669236748056973,-0.005681294872762921,True,True
95,-0.029692437036711317,-0.13636062848938124,-0.10666819145266992,True,True
96,0.06923885444585087,0.02890883855067461,-0.04033001589517626,True,True
97,0.44716070707084105,0.7921183561605649,0.3449576490897239,True,True
98,0.45417833806434704,0.5052915332311656,0.05111319516681856,True,True
99,0.31737279114955086,0.43329590695207276,0.1159231158025219,True,True
100,-0.42524664190494177,-0.6926205254560518,-0.26737388355111,True,True
101,-0.3640011487469146,-0.521294410570813,-0.15729326182389847,True,True
102,0.36437624005215946,0.7081262354600857,0.3437499954079262,True,True
103,0.33178447444342163,0.5662581233866173,0.23447364894319567,True,True
104,0.3775971440971675,0.7406134829191404,0.36301633882197293,True,True
105,0.6993062038909196,0.9011395026499618,0.2018332987590422,True,True
106,0.9927024592461748,0.9932790949575621,0.0005766357113872189,True,True
107,0.32576878433674583,0.5254301210781671,0.19966133674142128,True,True
108,-0.6785939755251791,-0.5664361913264049,0.1121577841987742,True,True
109,1.2873052380774395,1.3529171060835896,0.06561186800615015,True,True
110,0.977349155014822,1.0520314968696383,0.07468234185481626,True,True
111,-0.24789910831530682,-0.5820909475612535,-0.33419183924594664,True,True
112,-0.06245710080498573,-0.1522554038847117,-0.08979830307972597,True,True
113,0.3814397509556925,0.26213648364925435,-0.11930326730643814,True,True
114,-2.0825852816134818,-1.670889499447581,0.41169578216590086,False,False
115,0.8741073728022652,0.7283021592065797,-0.14580521359568555,True,True
116,0.27125445918665037,0.01512016161047125,-0.2561342975761791,True,True
117,-1.111356837827743,-0.5805795891112391,0.5307772487165039,True,True
118,0.3233998946587736,0.5926868430209762,0.26928694836220257,True,True
119,0.48223004307066974,0.8025027070408988,0.320272663970229,True,True
120,0.3512275809325104,0.6236360575583286,0.27240847662581824,True,True
121,1.1772089141322155,1.2208743852767974,0.04366547114458186,True,True
122,0.20341435134135888,0.06725854757850946,-0.13615580376284941,True,True
123,0.3765738664793791,0.7219967830885459,0.34542291660916674,True,True
124,0.4778100354517032,0.6091224042126879,0.13131236876098473,True,True
125,-1.9934467203866264,-1.505789599911715,0.4876571204749114,False,False
126,0.8842424655844944,1.183573581449778,0.2993311158652837,True,True
127,0.7713111990875667,0.8273893931952134,0.056078194107646695,True,True
128,0.8302336486080739,0.7107716779827467,-0.11946197062532726,True,True
129,0.5861170506783722,0.5936796450257651,0.007562594347392926,True,True
130,-0.4104608523916875,-0.7292241205619154,-0.31876326817022793,True,True
131,0.0049326866156105265,-0.07750749254253808,-0.08244017915814861,True,True
132,0.13981970341983602,0.19667725288537774,0.056857549465541724,True,True
133,-0.4322373670407125,-0.5221414102570945,-0.08990404321638201,True,True
134,0.8347500864679749,0.7637413970524936,-0.07100868941548133,True,True
135,0.4703027622058596,0.7905142310227116,0.320211468816852,True,True
136,1.4815225703040775,1.5585746912011658,0.07705212089708824,False,False
137,-0.4512366238660752,-0.543715750701006,-0.09247912683493076,True,True
138,1.8411802338470156,1.6465013835223683,-0.19467885032464727,False,False
139,-0.3230543967484407,-0.5181062671644838,-0.1950518704160431,True,True
140,0.3645850989821035,0.7083127184651752,0.3437276194830717,True,True
141,1.8861965884053715,1.7535853050844583,-0.1326112833209132,False,False
142,0.4360939673364981,0.586870903266834,0.15077693593033592,True,True
143,-0.46607811254865605,-0.8889544563077845,-0.4228763437591284,True,True
144,-2.89352256590396,-1.7959165422022387,1.0976060237017213,False,False
145,0.3497335345965222,0.662003264995791,0.3122697303992688,True,True
146,0.3081718803566452,0.4389222235001866,0.1307503431435414,True,True
147,0.26911599156325394,0.43441935640618645,0.1653033648429325,True,True
148,-0.5506987319222765,-0.7641654308184114,-0.2134666988961349,True,True
149,0.23898685501177944,0.36749497119467156,0.12850811618289212,True,True
150,0.642313775424186,0.7996170509175804,0.1573032754933944,True,True
151,-0.35743969887937244,0.10569206094363714,0.4631317598230096,False,False
152,-0.20989748361270832,-0.37608432646660717,-0.16618684285389884,True,True
153,0.2889300259967674,0.2529148985488989,-0.0360151274478685,True,True
154,1.1443646582759093,1.0236708920420865,-0.12069376623382277,False,False
155,-0.40234057891080965,-0.7835611442663337,-0.38122056535552407,True,True
156,0.05499128785738894,0.062187177678993955,0.007195889821605017,True,True
157,1.1636989355265,1.2849552001125373,0.12125626458603733,True,True
158,-2.6960615508714945,-2.1317902164476967,0.5642713344237977,False,False
159,1.3426094414812093,1.4568202856393624,0.11421084415815308,False,True
160,1.1307250277932746,1.1154984530245642,-0.015226574768710366,True,True
161,2.190347896308462,2.3515444983632836,0.16119660205482145,False,False
162,-1.0836297816440577,-0.7984857207444964,0.28514406089956124,True,True
163,0.35883527740864185,0.694153063862113,0.3353177864534711,True,True
164,0.2754804501564235,0.3441849619861941,0.06870451182977061,True,True
165,2.172941050080368,2.554701574759253,0.3817605246788851,False,False
166,2.599132519903826,2.768335002637274,0.16920248273344773,False,False
167,-0.5204261270595623,-0.7057508481411663,-0.18532472108160403,True,True
168,0.821673044782417,1.0624751751867132,0.2408021304042962,True,True
169,2.1537569682207507,2.5193359986684225,0.3655790304476718,False,False
170,0.4766720355997598,0.49106405293299016,0.014392017333230367,True,True
171,0.2690090832400923,0.48176274047022494,0.21275365723013262,True,True
172,0.20378858158631008,-0.9627956984893329,-1.166584280075643,False,False
173,0.28545077794573803,0.17987028665493732,-0.10558049129080072,True,True
174,0.6501619668667079,0.7234637855715143,0.07330181870480634,True,True
175,0.3228177080700014,0.4205622334866961,0.0977445254166947,True,True
176,0.09743031420093201,0.08921653376392236,-0.008213780437009655,True,True
177,-1.617457083892889,-1.4864789701077923,0.13097811378509672,False,False
178,-0.041626903229004864,0.07147357402268995,0.11310047725169481,False,False
179,1.0516753019678453,1.3612798303324993,0.309604528364654,True,True
180,0.044158246257041345,-0.015944875162551497,-0.06010312141959284,True,True
181,0.48142462442882317,0.20627575068528703,-0.27514887374353614,False,False
182,1.3329751366384985,1.3865411687564153,0.05356603211791677,False,True
183,0.036291025641556285,-0.04671736363398438,-0.08300838927554066,True,True
184,0.3144165433765811,-0.6426818835436228,-0.9570984269202039,False,False
185,0.9173147534930045,1.1345038285248208,0.21718907503181628,True,True
186,0.35457266759812617,0.6008950344933202,0.246322366895194,True,True
187,1.102097776775245,1.1049566522195686,0.0028588754443237274,True,True
188,0.8942023649152526,0.8452514960481299,-0.04895086886712274,True,True
189,1.1225761483317946,1.3649176109908563,0.24234146265906165,True,True
190,1.28212478965664,1.3753891940892036,0.09326440443256367,True,True
191,0.563941854388009,0.5777496275791028,0.01380777319109372,True,True
192,0.37126237807306384,0.5943126244997434,0.2230502464266796,True,True
193,0.5075699053779621,0.4368892887927469,-0.07068061658521518,True,True
194,0.21829916686464684,0.3096446065628573,0.09134543969821046,True,True
195,0.5606599516186204,0.09857652819249996,-0.4620834234261204,False,False
196,1.2742614340732683,1.3398896142828374,0.06562818020956906,True,True
197,1.5292688983074134,1.804785469714707,0.2755165714072936,True,True
198,0.021462210345434385,-0.0003470813766255354,-0.02180929172205992,True,True
199,1.277781037134076,1.2192203146031968,-0.058560722530879294,True,False
200,-0.11904222307260348,-0.22455091170024843,-0.10550868862764495,True,True
201,0.28333696994877255,0.256107744180607,-0.027229225768165555,True,True
202,-0.05112649385225976,-0.7121827523621516,-0.6610562585098918,False,False
203,2.590803580333537,3.028247739929572,0.4374441595960352,False,False
204,1.2487121325209014,1.2566045473040521,0.007892414783150725,True,True
205,0.33215168570063636,-0.13593015895666305,-0.4680818446572994,False,False
206,-0.42978771966202833,-0.3538396025607238,0.07594811710130456,True,True
207,0.46832667382695187,0.6387098405105318,0.17038316668357995,True,True
208,0.655318167137052,0.8509228157399571,0.19560464860290505,True,True
209,0.4889945051480401,0.4192898132070333,-0.06970469194100681,True,True
210,0.4514628688273874,0.42917673586540106,-0.022286132961986338,True,True
211,0.5980832676938656,0.5954210989608519,-0.0026621687330136146,True,True
212,0.20063100403700493,0.3130990414340893,0.11246803739708436,True,True
213,0.5648183591355639,0.6100503234700438,0.04523196433447996,True,True
214,0.5612543868898682,0.6481084606529128,0.08685407376304466,True,True
215,0.018348038541264544,-0.07439599327271296,-0.0927440318139775,True,True
216,-0.28852414635553236,-0.6145762969156934,-0.326052150560161,True,True
217,0.06417070554777138,-0.35221731130690337,-0.41638801685467475,True,True
218,0.21860120619018578,0.330504040496856,0.11190283430667022,True,True
219,-4.25029638542493,-1.8713393731818657,2.378957012243064,False,False
220,0.41423727755622564,0.6352608059965372,0.2210235284403116,True,True
221,0.6950232886155034,0.9987613131614723,0.3037380245459689,True,True
222,0.23561935041666227,0.3240617330445157,0.08844238262785342,True,True
223,2.6285334409491083,2.7693204992941105,0.14078705834500216,False,False
224,0.7739640323000863,0.48525089782751607,-0.2887131344725702,True,True
225,1.1472321007117137,1.4928675981545916,0.3456354974428779,True,True
226,0.3108719569277516,0.5211463126559943,0.2102743557282427,True,True
227,0.07131293145528983,-0.02484353637825709,-0.09615646783354692,True,True
228,0.2854564101471071,0.5109683996057441,0.22551198945863704,True,True
229,-0.6859567418174786,-0.834820195116424,-0.14886345329894546,True,True
230,0.07509149249486469,0.059273238220511004,-0.015818254274353682,True,True
231,0.035308088995473,-0.07771900287018951,-0.11302709186566251,True,True
232,0.13254665119516978,0.17394087890807786,0.04139422771290807,True,True
233,0.44284256289894364,0.17311320739935088,-0.26972935549959276,False,False
234,0.06942146130103666,0.08528948592395258,0.01586802462291592,True,True
235,0.6061882794770836,0.7479426571116381,0.14175437763455445,True,True
236,0.589277814660525,0.6729281478123301,0.08365033315180515,True,True
237,0.3870237114831621,0.7002311013101306,0.31320738982696844,True,True
238,0.8825414807586451,1.041099278320484,0.15855779756183885,True,True
239,1.3286043800219483,1.5759282157330485,0.24732383571110028,True,True
240,0.2525720493340546,0.3624272394164514,0.1098551900823968,True,True
241,0.025351733556847833,-0.014453311525344681,-0.039805045082192514,True,True
242,-1.035398467618632,-0.9778296464656115,0.05756882115302053,True,True
243,-0.4146977216601687,-0.6828863887179564,-0.26818866705778766,True,True
244,0.22465393058620567,0.3230203044063993,0.09836637382019361,True,True
245,0.2957170240214582,0.5302790016345509,0.23456197761309266,True,True
246,0.21103027849119194,0.1991806850265716,-0.011849593464620334,True,True
247,-0.776632136039475,0.34807483534154926,1.1247069713810243,False,False
248,0.3469708775451229,0.4019039962701654,0.054933118725042474,True,True
249,0.4560673982602713,0.7327972547906612,0.27672985653038984,True,True
250,0.08274725114477166,0.06135553983328634,-0.021391711311485317,True,True
251,1.5525079717486916,1.5609420371810927,0.008434065432401106,False,False
252,0.3454897599692535,0.5378811997975328,0.19239143982827928,True,True
253,0.19832446170641171,0.26507569344731063,0.06675123174089892,True,True
254,0.46230765756679026,0.5235858194644765,0.0612781618976862,True,True
255,0.4609801043729762,0.4772144326850629,0.01623432831208671,True,True
256,0.06480705469888187,0.0404002752085022,-0.02440677949037967,True,True
257,-0.6968762247000346,-0.9269447150517065,-0.23006849035167187,True,True
258,0.2652748464095095,0.44549775022603555,0.18022290381652606,True,True
259,0.2513842791916644,0.42545867311415053,0.17407439392248614,True,True
260,1.1287636054167929,1.0906613437145873,-0.03810226170220554,True,True
261,-0.39384946071832194,-0.5719073503387104,-0.1780578896203885,True,True
262,0.40963818557469606,0.6486939006233725,0.23905571504867645,True,True
263,0.5901766986802951,0.7711682674249953,0.18099156874470024,True,True
264,-0.06078625747626121,-0.5001462844165037,-0.43936002694024245,True,True
265,0.6767688139510102,0.9161291213632277,0.23936030741221748,True,True
266,-0.6482061285963301,-1.6618841451659918,-1.0136780165696617,False,False
267,0.5226545290152593,0.6496349517349813,0.12698042271972199,True,True
268,-0.30454915934692406,-0.4383701360155836,-0.13382097666865955,True,True
269,-0.5403626115146769,-0.5784396431706496,-0.03807703165597265,True,True
270,0.3031864162323575,0.3854295537305763,0.08224313749821882,True,True
271,-0.05280553599139093,-0.29745851499850495,-0.24465297900711402,True,True
272,3.128774683963033,3.048861441458202,-0.07991324250483078,False,False
273,0.07873240212248556,0.07315074660882726,-0.005581655513658301,True,True
274,0.9562692014045755,0.9218016486818872,-0.03446755272268831,True,True
275,2.3624278607126223,2.4733976593653013,0.11096979865267897,False,False
276,1.8239011692343174,1.570011203777124,-0.25388996545719333,False,False
277,1.0449013203120456,0.9683924641840607,-0.07650885612798497,False,False
278,2.4960742518015966,3.065835350455542,0.5697610986539452,False,False
279,-0.11696837309381403,-0.22422426154390607,-0.10725588845009204,True,True
280,0.29295914608981843,0.5411812532563358,0.24822210716651738,True,True
281,0.24384421235519127,0.4201489578015516,0.17630474544636032,True,True
282,0.10056012344073073,-0.1646410884340206,-0.2652012118747513,True,True
283,0.12111585522122581,0.1631666929956932,0.04205083777446739,True,True
284,1.1678337839252144,1.435083396787613,0.2672496128623987,True,True
285,0.33489361134737056,0.5676151250289263,0.23272151368155575,True,True
286,0.43408194972560765,0.711820878468187,0.2777389287425793,True,True
287,-0.11518769482194557,-0.2782584936846346,-0.16307079886268905,True,True
288,3.46103599818988,4.278152210376188,0.817116212186308,False,False
289,1.2414692170967774,0.8659213881380303,-0.37554782895874705,False,False
290,2.912331507295952,3.146260782563724,0.23392927526777196,False,False
291,0.39457605087490505,0.4818659685594122,0.08728991768450717,True,True
292,-0.06687958969672614,-0.1293952127532485,-0.06251562305652236,True,True
293,0.23624164895309274,-0.9480835183595424,-1.1843251673126352,False,False
294,0.4077380146339148,0.6184309324164348,0.21069291778251997,True,True
295,-1.2612621372582233,-1.1514567207912076,0.10980541646701569,False,False
296,0.35473770863927173,0.6061054920476501,0.25136778340837834,True,True
297,0.5642781391378122,0.9137125567238988,0.3494344175860866,True,True
298,-0.9033092405236265,-0.5751358569401104,0.3281733835835161,True,True
299,0.2859149306393065,-0.13357754634910535,-0.41949247698841186,False,False
300,-0.7413576899475958,-0.8624596066457189,-0.12110191669812309,True,True
301,0.3125723102002386,0.42434052236846664,0.11176821216822802,True,True
302,-0.5610553770156241,-0.6482560381173874,-0.08720066110176328,False,False
303,-0.2618179685656513,-0.4306987118053085,-0.16888074323965718,True,True
304,0.38749497476396344,0.40478908105141187,0.01729410628744843,True,True
305,0.6042947177637129,0.6493175094794053,0.045022791715692345,True,True
306,-2.1959655441631787,0.26852905460403775,2.4644945987672164,False,False
307,3.5156106630162363,4.075749880938519,0.5601392179222824,False,False
308,0.7811664762225548,0.8447975457909047,0.06363106956834996,True,True
309,0.5432108887501297,0.04084053834591472,-0.502370350404215,False,False
310,2.645700580485098,3.112227992199771,0.46652741171467316,False,False
311,2.01212310156152,2.2636358649346224,0.25151276337310247,False,False
312,0.3821637724253504,-0.3250830292973781,-0.7072468017227285,False,False
313,0.2521390551675273,0.2823089052579224,0.03016985009039508,True,True
314,0.7505142762468355,0.24685054840161413,-0.5036637278452214,False,False
315,0.8851435034003563,0.992407980428621,0.1072644770282647,True,True
316,-0.694831857743905,-1.1718297524250554,-0.4769978946811504,True,True
317,0.4543761023577612,0.6363541490147595,0.1819780466569983,True,True
318,-0.23423931815365107,-0.7310348862988958,-0.4967955681452447,True,True
319,1.8261000167889678,2.225426529711826,0.39932651292285826,True,True
320,0.296182757452759,0.38416248881758364,0.08797973136482462,True,True
321,0.15357413048687307,0.24540114777221467,0.0918270172853416,True,True
322,-0.2729999653323958,-0.8161705542636701,-0.5431705889312743,False,False
323,0.336275565964829,0.39937886117179877,0.06310329520696978,True,True
324,4.80218645848222,5.537462002187201,0.7352755437049812,False,False
325,0.39298740353148026,0.7544852296716162,0.361497826140136,True,True
326,0.3709636365137096,0.7016486526879269,0.33068501617421725,True,True
327,0.06945328111540083,-0.1292625315168925,-0.19871581263229332,True,True
328,0.13552391972047106,0.13499517174591968,-0.0005287479745513801,True,True
329,0.7040001006173076,0.6066776767425619,-0.09732242387474566,True,True
330,1.3193812049229297,1.452537810581398,0.13315660565846832,True,True
331,1.099358848618142,1.4240812703797316,0.3247224217615896,True,True
332,-2.359160779274199,-1.6670510709450062,0.6921097083291929,True,True
333,1.376002527914436,1.6463349726378462,0.27033244472341034,True,True
334,0.46412126893742894,0.6939671469455444,0.22984587800811546,True,True
335,0.9030521935292511,1.1817127844750988,0.2786605909458476,True,True
336,-0.8832758102668881,-1.0484676472455714,-0.16519183697868334,True,True
337,0.32330894526961695,0.3690949489832276,0.045786003713610635,True,True
338,0.3883569395184395,0.739259719038988,0.3509027795205485,True,True
339,0.4438987777875054,0.7599152190920191,0.3160164413045137,True,True
340,0.33668148215990534,0.27341706027866586,-0.06326442188123949,True,True
341,0.5681420164650719,0.8539782217783403,0.28583620531326837,True,True
342,1.4431537505149263,1.7535994577572485,0.3104457072423221,True,True
343,0.3726707300963511,0.7278940712117308,0.3552233411153797,True,True
344,0.44650323694491145,0.5836212138813588,0.13711797693644734,True,True
345,-0.1975247988400176,-0.3324366748424694,-0.1349118760024518,True,True
346,0.3332848644329958,0.513988098652868,0.18070323421987217,True,True
347,0.39795933613096446,0.7666553739913047,0.3686960378603402,True,True
348,0.35834167227250263,0.5560450892424309,0.19770341696992827,True,True
349,0.07670533940062257,0.061875886229749266,-0.014829453170873308,True,True
350,0.9053617276264356,0.9533471018678181,0.047985374241382495,True,True
351,0.2305927375044231,0.27980309508107126,0.049210357576648156,True,True
352,1.4147574692581482,1.56278749004733,0.14803002078918182,True,True
353,-0.5285872139558818,-0.79608567706447,-0.26749846310858816,True,True
354,0.2949909033465772,0.25074434707235316,-0.044246556274224025,True,True
355,0.9107581818113732,1.1205631406519165,0.2098049588405433,True,True
356,1.0686499854748779,1.0827912549162972,0.014141269441419357,True,True
357,0.24583517285352374,0.3454629656811852,0.09962779282766143,True,True
358,0.6515130331683153,0.6756925476631594,0.024179514494844123,True,True
359,-0.05956192647438008,-0.16167406674583162,-0.10211214027145155,True,True
360,0.4640957052402628,0.6371373686946034,0.17304166345434058,True,True
361,1.5581363230586491,1.371980329257303,-0.18615599380134618,False,False
362,0.20399619126335078,-0.15449318262938228,-0.35848937389273305,True,True
363,-1.4337102210075021,-1.8814501946051472,-0.44773997359764506,False,False
364,0.13026565880376995,0.16207081355476438,0.031805154750994435,True,True
365,5.571979202825346,6.869664180497253,1.2976849776719073,False,False
366,-0.3217942499666244,-0.7080835591711558,-0.3862893092045314,True,True
367,1.1894609268052967,1.5429237972887995,0.3534628704835028,True,True
368,0.19427877499127177,0.300798992781814,0.10652021779054222,True,True
369,1.271929200062772,1.3071051356812378,0.03517593561846577,False,True
370,-3.050764001702809,-2.1308517300143626,0.9199122716884465,False,False
371,0.9088955090977857,1.1999600955747254,0.29106458647693967,True,True
372,0.5293778116380202,0.48310419275391325,-0.04627361888410697,True,True
373,0.6398425109628363,0.799113617563397,0.15927110660056076,True,True
374,0.8245840896862453,1.0056914997425412,0.18110741005629594,True,True
375,0.4490100064374122,0.5766129441807224,0.12760293774331022,True,True
376,1.2052330861765435,1.4709727487720548,0.2657396625955113,True,True
377,1.2553077329597384,1.2589701344365132,0.003662401476774768,True,True
378,-0.5171653715120581,-0.6566393519905827,-0.13947398047852455,True,True
379,2.0087527433460393,2.416286042927906,0.4075332995818668,True,True
380,1.5246509224504918,1.4401040041538398,-0.08454691829665206,False,False
381,0.001287291048382877,-0.04770938722113405,-0.048996678269516925,True,True
382,0.0077027499614257255,-0.2303394719694314,-0.2380422219308571,True,True
383,0.23602509970572055,0.3672279902679434,0.13120289056222284,True,True
384,-5.713545923895416,-0.7648356454725089,4.948710278422907,False,False
385,0.20886907039128022,0.09555844554395865,-0.11331062484732157,True,True
386,0.5996839434377373,0.9010980538842484,0.301414110446511,True,True
387,0.0988877203808296,0.12223767423665644,0.023349953855826833,True,True
388,0.22621557551815002,0.3331989519447154,0.10698337642656536,True,True
389,-0.28470342248705693,-0.5273219430270757,-0.24261852054001876,True,True
390,-0.10766313584852716,-0.2341201095908847,-0.12645697374235754,True,True
391,3.3294078751711327,3.585848193970236,0.2564403187991031,False,False
392,0.20655785636435547,0.33867166178105057,0.1321138054166951,True,True
393,0.8010756698380117,-0.9614790183602828,-1.7625546881982945,False,False
394,-0.2259451020626313,-0.9285824113660119,-0.7026373093033806,False,False
395,0.23338141870487927,0.11820934770978386,-0.11517207099509541,True,True
396,0.13697135500502033,0.1272194394875954,-0.009751915517424936,True,True
397,0.8409950353017724,1.1020323837267871,0.2610373484250147,True,True
398,0.274791898990773,0.42381186836009777,0.14901996936932477,True,True
399,-0.34052657322201085,-0.8567224679792531,-0.5161958947572423,False,False
400,0.0002625647821327126,-0.05384903030713106,-0.054111595089263775,True,True
401,0.3960284799004422,0.7267542070145918,0.3307257271141496,True,True
402,0.27390261041810193,0.48836027463649057,0.21445766421838863,True,True
403,-1.0033670349866881,-0.8428257752129795,0.1605412597737086,True,True
404,0.4439981582109568,0.3003013054583388,-0.143696852752618,True,True
405,2.9146539622962444,3.167115677146411,0.25246171485016644,False,False
406,1.4842365906685886,1.8250654016321084,0.3408288109635198,True,True
407,0.13969801955948047,0.21673742133109286,0.07703940177161239,True,True
408,-0.03608146164262127,-0.11532086690952159,-0.07923940526690032,True,True
409,0.7689899394962175,1.001697932284784,0.23270799278856658,True,True
410,0.40041560203675486,-0.1807817840961894,-0.5811973861329442,False,False
411,0.5631382203324078,0.8299575972856945,0.2668193769532867,True,True
412,-2.07433758467805,-1.8442860875260525,0.23005149715199735,False,False
413,1.6820526780683873,0.9341065854101824,-0.7479460926582049,False,False
414,0.8900632958442718,1.0469023927134442,0.1568390968691724,True,True
415,1.0621898773942313,1.209177484736471,0.1469876073422396,True,True
416,0.7059564340820554,0.3939080276423379,-0.31204840643971754,False,False
417,0.2064087995205759,-0.20506510089241825,-0.41147390041299414,True,True
418,0.2251990986122762,0.3334878030119248,0.10828870439964863,True,True
419,-0.8413376347702899,-1.2882878500083725,-0.44695021523808265,False,False
420,0.32475329286621446,0.5856044584667943,0.26085116560057986,True,True
421,2.041511178621585,2.4375382578044826,0.3960270791828977,False,False
422,0.022245911511990846,-0.026641425134501517,-0.04888733664649236,True,True
423,0.3117745886936439,0.5560005475295307,0.24422595883588677,True,True
424,0.7728104389742598,1.0776331573916398,0.30482271841737996,True,True
425,0.31690290018022427,0.34924937586886085,0.03234647568863658,True,True
426,0.825727654264218,1.1348886341972606,0.3091609799330426,True,True
427,-0.017830182003788497,-0.11765739847768497,-0.09982721647389647,True,True
428,0.4959629705268237,0.5986009021799776,0.10263793165315394,True,True
429,1.0621976555655697,1.0652755378088496,0.0030778822432799835,True,True
430,0.4158759004882524,0.24148959926744862,-0.17438630122080379,True,True
431,0.7673315548519767,1.069673663048654,0.3023421081966774,True,True
432,1.4745845375053976,1.3944361559450336,-0.08014838156036408,False,False
433,0.3824651910684005,0.7496147402713738,0.36714954920297327,True,True
434,0.3405339149008092,0.5351943188428927,0.1946604039420835,True,True
435,-1.7110038931301421,-1.5285838615619811,0.182420031568161,True,True
436,0.3923232595125102,0.7036570470549552,0.31133378754244506,True,True
437,0.07488654279043772,-0.2506288041211828,-0.32551534691162054,False,False
438,0.25896819425395046,0.39071710341969146,0.131748909165741,True,True
439,1.3189001636023088,1.5978416246534124,0.2789414610511036,True,True
440,-2.5072550581212467,-1.420683338053541,1.0865717200677056,False,False
441,0.8131671862595283,1.0782022541629215,0.26503506790339315,True,True
442,0.5612904041036146,0.8464868588445955,0.2851964547409809,True,True
443,0.6023561802325329,0.8337632972890541,0.23140711705652117,True,True
444,1.2197170819385983,1.1795920263965982,-0.040125055542000077,True,False
445,-1.0669013914146275,-1.48195167369499,-0.41505028228036256,False,False
446,1.6779118676924045,2.0086454724027405,0.33073360471033597,True,True
447,-0.7688653524723463,-0.8112310619906662,-0.04236570951831986,True,True
448,2.354151774772787,2.0855953955832236,-0.26855637918956354,False,False
449,2.1876636018735804,1.5063855119976708,-0.6812780898759097,False,False
450,-0.595839374091363,-0.8086809752077588,-0.21284160111639583,True,True
451,0.9929257751692262,1.1884437080074606,0.19551793283823438,True,True
452,0.37446208448991203,0.7300906162317147,0.35562853174180264,True,True
453,0.740198903028058,-0.16478281757850333,-0.9049817206065613,False,False
454,2.1189739191237833,2.6011513241017257,0.48217740497794237,False,True
455,0.3742979684802604,0.7085566487521242,0.3342586802718638,True,True
456,0.7150576745368691,0.8838748583397074,0.16881718380283828,True,True
457,0.8560126135651713,0.716362402387845,-0.13965021117732634,False,False
458,0.3975062452380015,0.4268382764701202,0.029332031232118694,True,True
459,0.14482026957766378,0.22522675801787573,0.08040648844021195,True,True
460,0.795538326971782,0.9392911242770969,0.14375279730531498,True,True
461,0.5874858959818223,0.4276189224338607,-0.15986697354796164,True,True
462,0.17333082322966065,0.15315054356029556,-0.020180279669365087,True,True
463,0.27475670110938843,0.2636301435059778,-0.011126557603410636,True,True
464,-1.056976606140156,-1.0166868339360438,0.04028977220411223,True,True
465,1.64514453803466,2.030308312127075,0.385163774092415,True,True
466,0.4449652962309134,0.23868381812462935,-0.20628147810628406,True,True
467,-0.6490823199441593,-0.7100584924418119,-0.060976172497652525,True,True
468,0.221124783450505,0.31346785724978465,0.09234307379927964,True,True
469,0.79114902206071,1.0653905873285794,0.27424156526786936,True,True
470,0.5800964306629848,0.8937014290718803,0.31360499840889555,True,True
471,0.18902547649290424,-0.08275195954174919,-0.27177743603465343,True,True
472,1.5492461609643984,1.3639123670433682,-0.18533379392103022,False,False
473,0.24780564426585217,0.2662756318009101,0.018469987535057908,True,True
474,0.6416486698233133,0.6088389669598921,-0.03280970286342111,True,True
475,0.35501503191389977,0.4848349367065512,0.12981990479265143,True,True
476,0.41250426352442204,0.677238734176123,0.26473447065170097,True,True
477,0.4488451112342733,0.5310370231448047,0.08219191191053143,True,True
478,0.14517145437287526,-0.10907042867801131,-0.2542418830508866,True,True
479,-0.07918073001082493,-0.2102596909700929,-0.13107896095926796,True,True
480,0.5070310843621543,0.7697884525951308,0.2627573682329766,True,True
481,-9.927051937971033,0.32379736328234543,10.250849301253378,False,False
482,0.26521807209392245,0.4400112878326863,0.17479321573876383,True,True
483,2.110908808444467,2.3997077542681176,0.2887989458236504,False,False
484,0.19794898595825394,0.11401955313500078,-0.08392943282325316,True,True
485,1.285602330785687,1.2100693146929968,-0.07553301609269014,False,False
486,0.3964958229801003,0.6758961175015727,0.27940029452147247,True,True
487,0.5165997422528396,0.61204248126259,0.09544273900975042,True,True
488,0.41737209556036775,0.7648202493320917,0.34744815377172394,True,True
489,0.038782339933695065,-0.03308633088590884,-0.07186867081960391,True,True
490,0.3322671640932953,0.6176258074606595,0.2853586433673642,True,True
491,0.09953516352583303,-0.04618529983758979,-0.14572046336342281,True,True
492,-0.9203164877099281,-0.9736471958743618,-0.05333070816443364,True,True
493,0.34152192330803466,0.5811187518861831,0.23959682857814846,True,True
494,0.32919713031232267,0.3735714899921381,0.0443743596798154,True,True
495,1.0594100385522305,1.0791232874009422,0.01971324884871173,True,True
496,0.5843846115382058,0.6233784937318623,0.038993882193656515,True,True
497,0.27029790189905434,-0.72141008874494,-0.9917079906439943,False,False
498,1.2275109976631589,1.1556424300723167,-0.07186856759084215,False,False
499,0.3738629152337798,0.6506928894712769,0.2768299742374971,True,True
500,0.27358996922135803,0.4572917014879474,0.18370173226658937,True,True
501,0.15703907231627268,0.2034504089308009,0.04641133661452823,True,True
502,0.3523305796125716,0.5827877070050089,0.23045712739243734,True,True
503,0.3382643898781197,0.21488468712008757,-0.12337970275803212,True,True
504,-0.5300654661924067,-0.684652871643074,-0.1545874054506673,True,True
505,0.29176125416207277,0.469836264454639,0.17807501029256623,True,True
506,0.30946508233945824,0.34617777875603517,0.03671269641657693,True,True
507,0.41473066219545907,0.7760231219054012,0.36129245970994217,True,True
508,1.7011582186530498,1.516608859675907,-0.18454935897714275,False,False
509,0.2958927518497898,0.3947292438950907,0.09883649204530087,True,True
510,1.5140062038727056,1.21013108118753,-0.30387512268517547,False,False
511,0.6988975931109362,0.8128324164923626,0.11393482338142635,True,True
512,0.8818517216803436,1.150782792021686,0.26893107034134234,True,True
513,0.4863463277229728,0.5210921244643156,0.034745796741342816,True,True
514,-0.11669276353280955,-0.4420355959232527,-0.32534283239044315,True,True
515,0.17599151187955053,0.0044607748957954385,-0.1715307369837551,True,True
516,1.0367023296761673,0.7529598864078055,-0.28374244326836173,False,False
517,0.22991924362695232,0.3850595113981097,0.15514026777115736,True,True
518,1.3967904758965988,1.372579372304637,-0.02421110359196188,False,False
519,-0.4388800556674082,-0.7658230602895264,-0.3269430046221182,True,True
520,-0.23678251973432074,-0.39374582776937306,-0.15696330803505232,True,True
521,0.19433151497112972,0.2999402784366776,0.10560876346554787,True,True
522,0.8838534789978101,0.7185009906968682,-0.16535248830094185,False,False
523,-0.009900679656193234,-0.04292247850141262,-0.033021798845219386,True,True
524,1.4025038206666283,1.59372930707715,0.19122548641052184,True,True
525,0.0941701031389317,-0.262363548014231,-0.3565336511531627,True,True
526,-1.0216146265308754,-1.2309078259457973,-0.20929319941492186,True,True
527,-2.0008976996884473,-1.1382820326345424,0.8626156670539049,True,True
528,0.6062974979185481,0.8125296910444955,0.20623219312594732,True,True
529,0.21275212191513457,0.3452876636814466,0.13253554176631202,True,True
530,-0.16908711396401732,-0.39403140405647097,-0.22494429009245365,True,True
531,1.2933093614816387,1.1893696977986599,-0.1039396636829788,False,False
532,-1.0862447645385451,-1.0594565744844298,0.02678819005411537,True,True
533,0.41902841271857283,0.6523711046969614,0.23334269197838853,True,True
534,0.25957985040390485,0.43955459585094525,0.1799747454470404,True,True
535,1.5850888801076906,0.9550562053274447,-0.6300326747802458,False,False
536,0.6892175716855652,0.9281075421365781,0.2388899704510129,True,True
537,0.24872984811190468,0.1923115621261795,-0.05641828598572518,True,True
538,0.058607657634161536,0.0346371358444264,-0.023970521789735133,True,True
539,0.32120455928020764,0.5957160587893018,0.27451149950909415,True,True
540,-0.5491699834581589,-0.7776435286778023,-0.22847354521964336,True,True
541,0.5492151890732819,0.7624006797791822,0.21318549070590032,True,True
542,-0.14703706955488927,-0.28402747598052747,-0.1369904064256382,True,True
543,1.2623590232197723,1.6240371488335459,0.36167812561377355,True,True
544,-1.4160895306127737,-1.3213169270860723,0.09477260352670136,True,True
545,0.49879508774328735,0.6873455244105973,0.18855043666730992,True,True
546,0.37522306510581727,0.6654424999440613,0.2902194348382441,True,True
547,0.7281288023592477,0.8586585263410078,0.1305297239817601,True,True
548,-0.5101676070218274,-0.655958602670248,-0.14579099564842057,True,True
549,-0.04361529248842011,-0.18391036788161852,-0.1402950753931984,True,True
550,0.7308897103254781,0.6533750619875516,-0.07751464833792654,True,True
551,0.1513253963497039,0.22904636873409645,0.07772097238439254,True,True
552,-0.5168378839589503,-0.6972941194918052,-0.18045623553285495,True,True
553,0.49740592801091854,0.707451760792408,0.21004583278148947,True,True
554,0.41206303397846344,0.7185665532433494,0.30650351926488595,True,True
555,-0.012412736520967194,-0.17101434978060892,-0.15860161325964173,True,True
556,0.38908886010305654,0.7253766170917766,0.33628775698872004,True,True
557,0.941423420992983,0.24666430542908735,-0.6947591155638957,False,False
558,0.5304292712597003,0.7051721213457149,0.17474285008601464,True,True
559,2.694672609349439,2.8673430839557223,0.17267047460628326,False,False
560,-0.17766231332949434,-0.4002460469917075,-0.22258373366221318,True,True
561,1.0000036575980786,0.25871593233311607,-0.7412877252649626,False,False
562,0.5784269297573221,0.9164639146671538,0.3380369849098317,True,True
563,1.6773253530438945,1.7787577520492617,0.10143239900536716,False,False
564,1.4568862980353257,1.4515672404930688,-0.005319057542256811,False,False
565,1.7596479616469298,1.9545949785590846,0.19494701691215477,False,True
566,0.8215394608658162,0.7666150926572435,-0.054924368208572716,True,True
567,0.3158254108232974,0.4812284916079994,0.165403080784702,True,True
568,0.07859100310806688,-0.021435067581322187,-0.10002607068938907,True,True
569,0.5581521947905413,0.5707644428988159,0.012612248108274549,True,True
570,0.9563667929083661,0.8661281495978415,-0.09023864331052467,True,True
571,-2.59027924424419,-0.7562192999238455,1.8340599443203445,False,False
572,0.6100132621261118,0.5128692285015068,-0.097144033624605,False,False
573,0.10573069298326598,0.12973920323479327,0.024008510251527282,True,True
574,0.16661575470461198,-0.06765367527732025,-0.23426942998193223,True,True
575,-0.14520334346087072,-0.25296402640745086,-0.10776068294658014,True,True
576,1.0711681709010374,1.2953730205680074,0.22420484966696996,True,True
577,-0.29715790520990915,-0.5410740136729846,-0.24391610846307543,True,True
578,0.14106837482497195,0.1945851035504811,0.05351672872550914,True,True
579,0.14826166890775422,0.15486521183962232,0.0066035429318681005,True,True
580,-0.6163370873208645,-0.6368541106211065,-0.020517023300242077,True,True
581,1.2071359783762419,1.494546909797799,0.28741093142155716,True,True
582,-0.15830112589438405,-0.5108274184079384,-0.3525262925135544,True,True
583,0.43262788997426416,0.23380658332309778,-0.19882130665116637,True,True
584,1.1680651111462375,0.8284638810067468,-0.3396012301394906,False,False
585,1.8679554528359033,1.6170557733523019,-0.25089967948360137,False,False
586,-0.09365340349064721,-0.33421155730773666,-0.24055815381708945,True,True
587,0.23513431216433275,0.351680364139364,0.11654605197503123,True,True
588,1.067037758181305,0.5724603372353076,-0.49457742094599744,False,False
589,1.1404777078348536,1.4196505877238605,0.27917287988900696,True,True
590,0.05353095682386688,0.010229064043131508,-0.043301892780735374,True,True
591,0.23749756371346786,0.31847380464173813,0.08097624092827027,True,True
592,0.1791500526286396,0.13698321352790277,-0.04216683910073682,False,True
593,1.3856490601928355,1.4582695823519511,0.07262052215911563,True,True
594,0.5997688037542264,0.6991996778276066,0.09943087407338025,True,True
595,0.47897927811608154,0.5808331529161777,0.10185387480009611,True,True
596,-0.37451588170329586,-0.4764754338731052,-0.10195955216980934,True,True
597,0.6608133391544154,0.9070294024567085,0.24621606330229306,True,True
598,2.4260021415354944,1.6559918107508143,-0.7700103307846802,False,False
599,-0.5727699634998789,-0.6050363449235672,-0.03226638142368832,True,True
600,0.372975009648967,0.6097620553993073,0.23678704575034026,True,True
601,-0.009577950381873368,-0.1549449187723706,-0.14536696839049723,True,True
602,0.37212753921154135,0.5974647523991807,0.22533721318763938,True,True
603,2.5033788257775575,2.493559789062669,-0.009819036714888707,False,False
604,0.15383040171897455,0.22593294263318553,0.07210254091421098,True,True
605,1.0276982633008698,1.1813999791830403,0.15370171588217052,True,True
606,-0.30486125473392,-0.4420825684470726,-0.1372213137131526,True,True
607,0.5076635530043372,0.5572022593768833,0.04953870637254609,True,True
608,-1.4233484713227609,-1.445807175196336,-0.02245870387357507,True,True
609,-0.5601842698392763,-0.6004334119302284,-0.040249142090952095,True,True
610,-0.4150001062426425,-0.9149115113433428,-0.4999114051007003,False,False
611,0.03439556076405659,0.001441774976471244,-0.032953785787585343,True,True
612,0.1769848357210957,-0.3489259523533512,-0.5259107880744469,True,True
613,0.9903887197210818,1.3115291852993494,0.3211404655782676,True,True
614,5.180744313576454,4.994634960925662,-0.1861093526507922,False,False
615,1.4098155696598917,1.2019780981058217,-0.20783747155407006,False,False
616,0.19916984962123874,0.1980046245623006,-0.0011652250589381241,True,True
617,0.6305496764337961,0.8948933632989746,0.2643436868651785,True,True
618,0.31068706495108644,0.08103443366514274,-0.2296526312859437,True,True
619,1.7025352563217435,2.0462727528048594,0.3437374964831159,True,True
620,0.2753252536400459,0.24839834700534968,-0.026926906634696213,True,True
621,0.7839028437105615,0.9703472879038681,0.18644444419330664,True,True
622,1.9782752096529848,0.6240064667623919,-1.3542687428905928,False,False
623,1.4114195820774922,1.7624169626523436,0.3509973805748514,True,True
624,0.3824270450254613,0.433610966467612,0.05118392144215067,True,True
625,0.29569418787581003,0.39114268422170007,0.09544849634589003,True,True
626,0.34090331000342655,0.22428535113992432,-0.11661795886350224,True,True
627,0.38166290458484886,0.7516734912908052,0.3700105867059563,True,True
628,0.408847015161538,0.7156077476436127,0.3067607324820747,True,True
629,0.41208109608822485,0.5166629754853433,0.1045818793971185,True,True
630,0.8900620068324803,0.7417024495750635,-0.14835955725741679,True,True
631,1.2370971995198512,1.5530815949466072,0.31598439542675605,True,True
632,0.378456381912043,0.6921168154972737,0.31366043358523066,True,True
633,0.6170145516555381,0.5906347521469604,-0.026379799508577717,True,True
634,0.34440290398681045,0.6553541791833912,0.3109512751965808,True,True
635,0.19165195071997843,0.16284641540632894,-0.02880553531364949,True,True
636,0.3858942640801134,0.7321391209057553,0.3462448568256419,True,True
637,0.0755751402808505,0.04712695730510408,-0.028448182975746417,True,True
638,-2.1654482525092043,-0.9244729091187818,1.2409753433904225,True,True
639,0.2887509632262975,0.5206808863073666,0.23192992308106913,True,True
640,0.3734705924374207,0.7288822232068028,0.35541163076938215,True,True
641,0.6147295043672178,0.8606101947292788,0.24588069036206095,True,True
642,-9.178317995253803,1.1159861490632803,10.294304144317083,False,False
643,0.5751163480663781,0.8550442980755659,0.2799279500091878,True,True
644,-0.04171726037077472,-0.6020623261978448,-0.5603450658270701,True,True
645,1.0035964103912232,1.2821528829234499,0.2785564725322267,True,True
646,-0.5762351193487865,-0.8783307928171027,-0.30209567346831623,False,False
647,-1.5436206610206793,-1.9110245083773965,-0.36740384735671716,False,False
648,1.017869379003025,1.303558388373732,0.28568900937070696,True,True
649,-4.252791485049745,-0.02986339007517458,4.22292809497457,False,False
650,0.47916144611159595,0.6034722871709239,0.12431084105932799,True,True
651,6.58925556643461,8.19683146635263,1.6075758999180207,False,False
652,0.30961041373845916,0.5351541333600855,0.2255437196216264,True,True
653,0.27296918839145307,0.3549068492059875,0.08193766081453441,True,True
654,0.1750886350029932,0.24495464183061255,0.06986600682761934,True,True
655,0.6590049481476175,0.5315119960424548,-0.12749295210516265,True,True
656,0.5674232563418949,0.7336188548676903,0.16619559852579535,True,True
657,1.1174449050874031,1.421494064238975,0.30404915915157193,True,True
658,0.37108385495687696,0.7165489701619019,0.34546511520502493,True,True
659,0.7075876504874405,1.0281759735779872,0.32058832309054663,True,True
660,0.6212073156469189,-0.027921596962483974,-0.6491289126094029,False,False
661,0.09413028994302519,-0.047671423351144604,-0.1418017132941698,True,True
662,0.1584355056529878,-0.20690538977264872,-0.3653408954256365,False,False
663,-0.63320284701859,-0.9045793409427416,-0.27137649392415164,True,True
664,0.7860330892007151,0.9728170672098289,0.18678397800911373,True,True
665,-0.3861362827786359,-0.5767948725146859,-0.19065858973605,True,True
666,0.05942886139724379,0.02882262648435807,-0.03060623491288572,True,True
667,0.8735228862414632,0.9335790210053645,0.06005613476390126,False,False
668,-1.1138339923048535,-1.1087276621676354,0.0051063301372180625,True,True
669,0.957277988670546,0.9492162040824672,-0.008061784588078824,True,True
670,-0.2039257261452616,-0.43603644176654344,-0.23211071562128183,True,True
671,-1.8115802631797155,-1.2748770078099456,0.5367032553697699,False,False
672,0.2039951405642879,0.17629213601790017,-0.027703004546387744,True,True
673,0.39221794076909267,0.7594673173122426,0.36724937654314993,True,True
674,0.7589155163871144,0.767776066545836,0.008860550158721558,True,True
675,0.29457075158776935,0.5376098275941494,0.24303907600638008,True,True
676,-0.9208065237562553,-0.8688424278850091,0.051964095871246174,True,True
677,-0.33997333263810425,-0.21357897219052013,0.12639436044758412,False,False
678,-1.1992062628037434,-1.2151516004367062,-0.015945337632962797,False,False
679,-0.31337576241969245,-0.5338896962547732,-0.22051393383508078,True,True
680,0.3206512072958477,0.5573378648872418,0.23668665759139412,True,True
681,-3.776984419216081,0.3592285211048676,4.136212940320949,False,False
682,0.7699082488772868,0.6322182414205573,-0.13769000745672955,False,False
683,0.8737024530677556,1.0526710745820784,0.1789686215143228,True,True
684,0.44251918361532283,0.5388717838304182,0.0963526002150954,True,True
685,0.387415191533147,0.6846227424646165,0.2972075509314695,True,True
686,0.9041093298541929,0.919294054529602,0.0151847246754091,True,True
687,-0.10587274408801006,-0.5009778042534911,-0.3951050601654811,False,True
688,-2.2855189642636167,-0.9809233214096409,1.3045956428539758,False,False
689,-0.1809059981228316,-0.31515273561484136,-0.13424673749200977,True,True
690,1.183034170756485,1.3533552999317848,0.17032112917529973,True,True
691,1.031039180969969,1.3699576806868246,0.3389184997168555,True,True
692,0.446489434576137,0.42881078257889627,-0.017678651997240724,True,True
693,1.598233813727102,1.6926527184158733,0.09441890468877134,False,False
694,0.34182633895921866,0.17244586353221614,-0.16938047542700252,True,True
695,-0.12355942206562476,-0.23299029269965565,-0.1094308706340309,True,True
696,-0.024391580177632655,0.016535930132944188,0.04092751031057684,False,False
697,-1.205267306704485,-0.744575751162567,0.460691555541918,True,True
698,0.379618453616025,0.33822558458106666,-0.04139286903495831,True,True
699,-0.13410355187465672,-0.35419304225152715,-0.22008949037687042,True,True
700,1.027663404788681,1.048002284971309,0.020338880182628083,True,True
701,1.7476283269980155,1.7652559215292012,0.017627594531185675,False,False
702,0.29852888202274747,0.38482277178037894,0.08629388975763147,True,True
703,0.276609993006838,0.3519079370473479,0.07529794404050993,True,True
704,2.5396269444734045,2.390136685533651,-0.14949025893975332,False,False
705,0.26566412426889885,0.3663157790429583,0.10065165477405946,True,True
706,0.41750809721801474,0.756809130128151,0.33930103291013625,True,True
707,-0.07768042165577027,0.04225477936169675,0.11993520101746702,False,False
708,-0.5488737420693681,-0.6310048201539509,-0.08213107808458275,True,True
709,0.07228253896097836,-0.03148858283038036,-0.10377112179135872,True,True
710,0.18156136541919,-0.03488761361635451,-0.2164489790355445,True,True
711,0.49688572955471266,0.675582575089301,0.1786968455345883,True,True
712,-1.387332297651974,-0.6010996605977317,0.7862326370542423,True,True
713,0.9175099150027279,0.8025464201838126,-0.11496349481891532,True,True
714,0.09238444101652266,0.11987121322999306,0.0274867722134704,True,True
715,0.7287490329598907,0.9887457184814101,0.25999668552151944,True,True
716,2.614314974828008,3.2417355248142954,0.6274205499862875,False,False
717,-1.7061684101888948,-1.3664256827970123,0.3397427273918825,False,False
718,0.45836563226387583,0.8237675900288561,0.3654019577649803,True,True
719,0.27128566336820215,0.12014245826765046,-0.15114320510055168,True,True
720,-0.003717058258233541,-0.712718868492253,-0.7090018102340194,False,False
721,-2.4927836712727935,-1.4470403223533994,1.0457433489193941,True,True
722,0.939604889234011,1.2494756817429167,0.3098707925089057,True,True
723,0.30550453664477667,0.4022499255257732,0.09674538888099654,True,True
724,0.42350525056414373,0.7455705844063423,0.32206533384219854,True,True
725,0.23582950607223518,0.2314336037157636,-0.0043959023564715816,True,True
726,-0.33732148846513055,-0.5239063593692772,-0.18658487090414666,True,True
727,0.2209853969870661,0.2246852258659029,0.0036998288788367972,True,True
728,0.08513414580509249,0.010134045382973689,-0.0750001004221188,True,True
729,0.17195097258222708,0.23957658401512294,0.06762561143289586,True,True
730,-0.30727944755524617,-0.5711855734543017,-0.2639061258990555,True,True
731,-0.989284820917,-1.0984657808050429,-0.10918095988804288,True,True
732,-0.34325801149893254,-0.2554846966684359,0.08777331483049666,True,True
733,0.7066018728913306,0.46219590711628467,-0.24440596577504592,True,True
734,0.0807832354442366,0.08151155255116649,0.0007283171069298877,True,True
735,0.6214519381286272,0.4321976846555824,-0.1892542534730448,False,False
736,3.5987315847629286,4.514143734200089,0.9154121494371603,False,False
737,0.1806786170959999,0.2581047522673052,0.07742613517130534,True,True
738,-0.439712610522373,-0.6316454514223153,-0.19193284089994234,True,True
739,0.44898146167033737,-0.017667981297999624,-0.466649442968337,False,True
740,-2.171654387020745,-2.3895636298596976,-0.21790924283895263,False,False
741,-0.05982954328982315,-0.2222291366812743,-0.16239959339145116,True,True
742,-0.01739053684196734,-0.11403567902865408,-0.09664514218668674,True,True
743,0.4119096400481994,0.7331753796413292,0.32126573959312976,True,True
744,-0.3322395837893235,-0.5854864116919973,-0.25324682790267383,True,True
745,0.4656540604056804,0.7514777770423726,0.2858237166366922,True,True
746,-1.2087267933386039,-1.0607422671834774,0.14798452615512647,True,True
747,-0.5238611468971688,-0.5396690761955139,-0.01580792929834507,False,False
748,0.8183617962727527,1.047115311517139,0.22875351524438625,True,True
749,1.9107058260038607,2.0985519765973235,0.18784615059346277,False,False
750,-0.31930711472507767,-0.5001452450153341,-0.18083813029025642,True,True
751,3.4324812156783633,3.9998784928418942,0.5673972771635309,False,False
752,1.3255505620656982,1.234386938229454,-0.09116362383624432,False,False
753,0.831526974169098,0.6873901446141426,-0.14413682955495544,True,True
754,0.20176605438124828,0.1690024924982252,-0.032763561883023096,True,True
755,-0.040010780405706214,-0.08655553209862799,-0.04654475169292177,True,True
756,-0.33921490279464916,-0.5729112597995911,-0.23369635700494196,True,True
757,0.14724629315153748,-0.3169185661883498,-0.46416485933988727,True,True
758,-0.5146867960912248,-0.7209522625790088,-0.206265466487784,True,True
759,0.3901367747660682,0.754773256330965,0.36463648156489686,True,True
760,3.0363318290933257,2.9878532747038147,-0.048478554389510986,False,False
761,0.8824127641293531,0.8737225785928819,-0.008690185536471162,True,True
762,0.3618891357778846,0.25629669944709743,-0.10559243633078719,True,True
763,-0.011859150737750901,-0.3228991537446264,-0.3110400030068755,True,True
764,0.3399858960006772,0.05824968621916504,-0.28173620978151215,True,True
765,3.3323459845793435,3.554040407588154,0.22169442300881048,False,False
766,0.371989634035628,0.3076705962928088,-0.06431903774281922,True,True
767,-0.9129775036092687,-0.7962995042766323,0.11667799933263634,True,True
768,0.05328933893761545,-0.2852519080025768,-0.3385412469401923,True,True
769,0.37080640455955194,0.6909865756386777,0.3201801710791258,True,True
770,0.3574488179234514,0.6485293736490387,0.29108055572558733,True,True
771,1.8795741524811662,1.9453680402559854,0.0657938877748192,False,False
772,0.08683290739220662,0.05651653410980062,-0.030316373282405995,True,True
773,0.0020721003674208927,-0.10675703009957882,-0.10882913046699971,True,True
774,0.8933920537900351,1.1372378937032979,0.2438458399132628,True,True
775,0.3988560574056814,0.3487083706294314,-0.05014768677625003,True,True
776,-0.13505167717351851,-0.22673984457652185,-0.09168816740300334,True,True
777,-1.1293567491725565,-1.056500004324116,0.07285674484844051,True,True
778,0.3289576591349377,0.5231028900630177,0.19414523092808,True,True
779,0.7723784841359254,0.9618615663574617,0.18948308222153631,True,True
780,-0.061996334231261496,-0.06438330257516967,-0.002386968343908169,True,True
781,0.8456166565028194,0.29467981595596804,-0.5509368405468513,False,False
782,5.0554610012733505,5.442381582004941,0.38692058073159075,False,False
783,0.14242762960812572,-0.1452196012676712,-0.2876472308757969,False,False
784,2.0817815298557387,1.9378787889177298,-0.14390274093800892,False,False
785,-0.13870936439376313,0.07743451478784191,0.21614387918160505,False,False
786,-3.187320132555299,0.5031134451289425,3.6904335776842414,False,False
787,-0.1439897563474004,-0.46612420431133295,-0.32213444796393254,True,True
788,2.3864654839310706,2.418999879653599,0.032534395722528586,False,False
789,0.7979078116142183,0.9507620845150058,0.15285427290078746,True,True
790,-0.3337299578694234,-0.5331494960518088,-0.19941953818238545,True,True
791,0.5577516976640973,0.646219833525679,0.08846813586158175,True,True
792,0.9231301772022947,1.0309534377388472,0.10782326053655245,True,True
793,-0.3343056799089954,0.8309463703972,1.1652520503061954,False,False
794,0.20094548522462985,0.2394206302202102,0.03847514499558036,True,True
795,0.5885612001155038,0.44776523975820215,-0.14079596035730169,True,True
796,0.5176174809218783,0.14884024273882357,-0.36877723818305475,True,True
797,0.24327601453036113,0.39916522399113274,0.15588920946077162,True,True
798,-1.0396367836775005,-1.0184035819792747,0.021233201698225734,True,True
799,-0.8095475877181952,-0.9135908800457901,-0.1040432923275949,True,True
800,-0.326385708690188,-1.0391248714248889,-0.7127391627347008,False,False
801,1.687051454779713,2.018653053612547,0.3316015988328338,True,True
802,0.1436467222039357,0.051876148620741525,-0.09177057358319418,True,True
803,2.4658457982868356,2.986341950574479,0.5204961522876435,False,False
804,0.49824476057507205,0.5628014816954474,0.06455672112037536,True,True
805,0.11672099908873312,-0.03284733816303387,-0.149568337251767,True,True
806,0.1379999404050073,0.16657678309688118,0.028576842691873883,True,True
807,-0.7700628488741605,-0.9560836412727021,-0.18602079239854152,True,True
808,0.26345545862052966,0.46717369968892086,0.2037182410683912,True,True
809,-0.025845530517637716,0.09659069269763787,0.12243622321527559,False,False
810,1.6868099731068762,2.0769768455127267,0.39016687240585046,True,True
811,0.6672267254578573,0.910877258309446,0.24365053285158866,True,True
812,-0.1656257757281281,-0.2150401081489557,-0.0494143324208276,True,True
813,1.1801605416063476,1.2512794623135353,0.07111892070718762,True,True
814,0.955615609306341,0.7372347622648636,-0.21838084704147742,True,True
815,0.5612515911349804,0.4616220565610316,-0.09962953457394874,True,True
816,-0.37807409495430777,-0.7182436906449521,-0.3401695956906443,True,True
817,1.5233604979302677,1.898904338192108,0.3755438402618403,True,True
818,-0.4582626310029533,-0.7532438385550018,-0.2949812075520485,True,True
819,0.7970489264203273,0.9495543153607469,0.15250538894041954,True,True
820,0.2887784188222809,0.5219373167530494,0.23315889793076855,True,True
821,0.5673256387397594,0.7474145588086287,0.18008892006886934,True,True
822,0.4871977325076948,0.0238554261346291,-0.4633423063730657,False,False
823,0.25922650032813277,0.31307498785252186,0.05384848752438909,True,True
824,-0.04978681867018686,-0.13058825468928026,-0.0808014360190934,True,True
825,1.0113794749131473,1.2148704513659978,0.20349097645285052,True,True
826,1.5286650405293887,1.5520819603527984,0.023416919823409765,False,False
827,-0.0299564826379195,-0.09297905248290395,-0.06302256984498444,True,True
828,-0.28807809862050815,-0.5079139124913867,-0.21983581387087858,True,True
829,0.42369589097945193,0.6000508984113666,0.17635500743191468,True,True
830,0.1679478580879944,0.174484801811003,0.006536943723008615,True,True
831,0.15736820252462969,0.1031848077225126,-0.05418339480211709,True,True
832,1.9371673543408958,2.0564389891445938,0.11927163480369796,False,False
833,0.2772496540234233,0.25936936216561923,-0.017880291857804043,True,True
834,-1.6403135564330058,-1.6879705343959541,-0.04765697796294832,True,True
835,0.5538560237449965,0.8294611362102171,0.27560511246522057,True,True
836,0.45007092817553496,0.5302734017263937,0.08020247355085874,True,True
837,0.9022671241815926,1.240036031887195,0.3377689077056024,True,True
838,0.19561073465020115,0.3026762455373637,0.10706551088716257,True,True
839,0.3991223704901765,0.22278274660597575,-0.17633962388420077,True,True
840,-0.08389299742462952,-0.15186195641464462,-0.0679689589900151,True,True
841,0.7642746605633953,1.1000800250619616,0.33580536449856624,True,True
842,-0.552472703772297,-1.4038163505621437,-0.8513436467898468,False,False
843,0.4665909688959442,0.8131776574858987,0.34658668858995445,True,True
844,1.3894177670742018,1.7602032936017533,0.3707855265275515,True,True
845,0.5666912715700534,0.25039319841557095,-0.31629807315448244,True,True
846,-0.26955244200738204,-0.7210789804511393,-0.45152653844375723,True,True
847,0.20761992669040247,0.2739482659492234,0.06632833925882092,True,True
848,-1.4405088864753712,-0.8402449966531274,0.6002638898222439,False,False
849,0.41028510711304356,0.47362894625325547,0.06334383914021191,True,True
850,5.41049186057787,6.75525484625528,1.3447629856774101,False,False
851,0.7101548619580489,1.0537473758129545,0.34359251385490563,True,True
852,-1.2854821742106326,-0.5941473984292598,0.6913347757813728,True,True
853,1.2824771899401926,1.1276077243853138,-0.1548694655548788,False,False
854,-3.1748747327078988,-1.0639890349846013,2.1108856977232975,False,False
855,0.6068333767953761,0.9102559287338083,0.30342255193843226,True,True
856,0.9999891141381578,0.9707285113395745,-0.029260602798583335,False,False
857,1.4776271814138724,0.5045227847036813,-0.9731043967101911,False,False
858,0.4023181009637979,0.7446442712302237,0.3423261702664258,True,True
859,0.09644198170005858,-0.3255881830397813,-0.4220301647398399,False,False
860,0.6872256368902819,0.6660694773320612,-0.0211561595582207,True,True
861,-1.1954472179810862,-1.1803019737278246,0.01514524425326158,True,True
862,-0.186716273965446,-0.38213212045207623,-0.19541584648663024,True,True
863,0.35533124521137716,0.3180343535644048,-0.03729689164697236,True,True
864,-0.1919474529645684,-0.47135896379014586,-0.27941151082557747,True,True
865,0.41856791905302515,0.5740126721602512,0.15544475310722605,True,True
866,0.328043417367212,0.35334643406366384,0.025303016696451852,True,True
867,0.7842325116336641,1.1054391391448517,0.32120662751118756,True,True
868,1.689912348357527,2.084908655457694,0.394996307100167,True,True
869,-0.20326357375861437,-0.33196299867505275,-0.12869942491643838,True,True
870,1.5473801905060425,1.630391933022632,0.08301174251658949,False,False
871,0.3865903209690925,0.611308648237388,0.22471832726829544,True,True
872,0.7141657657510772,0.6987470526536441,-0.015418713097433034,True,True
873,0.33746776594040023,0.5613918089816696,0.2239240430412694,True,True
874,0.4190615604984216,0.7219562655123011,0.3028947050138795,True,True
875,2.589355169540836,3.0525408097056674,0.46318564016483155,False,False
876,-1.1059859942468628,-1.2856293151823275,-0.17964332093546465,True,True
877,0.730578624834626,1.0057111837318753,0.2751325588972493,True,True
878,0.29881341028563957,0.5476877190616758,0.24887430877603622,True,True
879,1.363616413902114,1.5676533455478552,0.2040369316457411,True,True
880,0.2925022650295994,-0.7161568892813719,-1.0086591543109713,False,False
881,0.09882510794401039,0.10764591873237661,0.008820810788366218,True,True
882,-1.699631217597915,-1.0412613558117823,0.6583698617861327,False,False
883,0.3968461264152938,0.532243199420507,0.1353970730052132,True,True
884,-1.677555348026813,-1.0952554629218625,0.5822998851049506,True,True
885,-0.28718250452719585,-0.6963251263072099,-0.40914262178001404,True,True
886,1.9039374958816562,2.0695841371356423,0.1656466412539861,False,False
887,0.5176884064455556,0.7549276430181489,0.23723923657259327,True,True
888,-0.16153357701485938,-0.6189038693156492,-0.45737029230078985,True,True
889,-0.6458401700410983,-0.72397901239923,-0.07813884235813173,True,True
890,0.22517912198668427,0.367623646760844,0.14244452477415975,True,True
891,1.2359764138031408,1.159215393607643,-0.0767610201954978,False,False
892,0.712642582458171,0.5107395400156642,-0.20190304244250679,True,True
893,0.12408333035465258,0.1493384068698047,0.02525507651515213,True,True
894,1.8781272744169215,2.265519582766511,0.3873923083495894,True,True
895,0.9604631918554505,0.8854345264344952,-0.07502866542095532,True,True
896,1.7914763011816726,1.9900457753979621,0.19856947421628957,False,False
897,0.1625897859328551,0.26393522365776834,0.10134543772491322,True,True
898,0.28501364772902293,0.5145993779678975,0.22958573023887452,True,True
899,0.370697657179721,0.674280466169983,0.3035828089902621,True,True
900,0.6860806960450212,0.09257896783519826,-0.5935017282098229,False,False
901,0.1298424594260152,0.14855402245922855,0.018711563033213363,True,True
902,0.39832784333833393,0.3715256398606748,-0.02680220347765916,True,True
903,0.33735988711995435,0.5735912768449243,0.23623138972496993,True,True
904,2.2997376757168753,1.6547959423320258,-0.6449417333848495,False,False
905,0.5050345759105004,0.36949169398578974,-0.13554288192471065,True,True
906,0.3273711434197956,0.5658212019946176,0.238450058574822,True,True
907,0.046608421916897846,-0.16590586668847074,-0.21251428860536858,True,True
908,1.7341331720676778,1.6618841268829758,-0.07224904518470199,False,False
909,0.12318977035171086,-0.11270803968891663,-0.2358978100406275,True,True
910,0.8249325146047597,0.9832481628990903,0.15831564829433065,True,True
911,-0.5902142947100824,-0.775932021833035,-0.18571772712295265,True,True
912,0.31408880732051053,0.5674879292743094,0.2533991219537988,True,True
913,-1.3303929200597917,-1.1928484620008364,0.13754445805895532,True,True
914,-0.6830960675871602,-1.2102647172812384,-0.5271686496940782,False,False
915,0.44585840415941913,0.4438159153734498,-0.002042488785969354,True,True
916,-0.7349467075058098,-0.7774051177929442,-0.042458410287134374,True,True
917,-0.3269007402653319,-0.37706831549489017,-0.05016757522955828,False,False
918,0.7832676175447992,0.8712207635576714,0.08795314601287219,True,True
919,0.08806628664810245,0.09462456488134308,0.006558278233240622,True,True
920,0.6315213433924886,0.759793341654933,0.1282719982624444,True,True
921,-3.799580082974866,-1.5638705598835667,2.235709523091299,False,False
922,-1.4260183339404513,-2.088683838802769,-0.6626655048623178,False,False
923,0.18427141666784674,0.09594350803700191,-0.08832790863084483,True,True
924,-1.9741525005125,-0.9256231444119134,1.0485293561005866,False,True
925,1.754956971132231,1.7009451418272077,-0.05401182930502335,False,False
926,-0.34001804083462184,-0.4531848983568443,-0.11316685752222244,True,True
927,2.834052664818806,3.141813588488211,0.307760923669405,False,False
928,-0.24703198161090478,-0.7519373628983494,-0.5049053812874447,True,True
929,0.3006587694482713,0.5556412721198782,0.25498250267160694,True,True
930,0.21382321603745172,0.3523704802263139,0.13854726418886218,True,True
931,0.09057060137754491,-0.08773629105843384,-0.17830689243597875,True,True
932,-0.6270989572546521,-0.7850295137628276,-0.15793055650817545,True,True
933,0.12191610618669557,0.1391203085062922,0.01720420231959663,True,True
934,1.5178860487990284,1.82623250869241,0.3083464598933816,True,True
935,-2.9885125045181127,-1.5850456341019878,1.4034668704161248,False,False
936,0.09867555370534653,-0.07262788230212625,-0.17130343600747278,True,True
937,0.23869544429811346,0.36973842238233834,0.13104297808422488,True,True
938,0.7519931031878848,0.4570387688923798,-0.294954334295505,False,True
939,1.2156091449659365,1.2824630999282087,0.0668539549622722,True,True
940,0.4994233133183176,0.672620365623938,0.17319705230562044,True,True
941,-0.29367042991343506,-0.37132900600095287,-0.0776585760875178,True,True
942,1.5435423407672588,1.4349445114563562,-0.10859782931090267,False,False
943,0.5562910427251915,0.8138218641257216,0.2575308214005301,True,True
944,-1.1920190989055204,-1.1337080355850429,0.05831106332047753,True,True
945,1.0145323308027931,1.3465838967873163,0.3320515659845231,True,True
946,0.12502333006726152,-0.042158279227249906,-0.16718160929451142,True,True
947,0.5267145788296164,0.6218052417089912,0.09509066287937484,True,True
948,1.1196953486309633,0.411824117165394,-0.7078712314655693,False,False
949,0.6067963570090887,0.7318779567403606,0.12508159973127186,True,True
950,0.33704054542392115,0.47697164053811747,0.13993109511419632,True,True
951,0.4098116073799347,0.5760949419657799,0.1662833345858452,True,True
952,10.499660641449797,13.108775739964322,2.6091150985145255,False,False
953,0.7224292179123271,0.7772583411913789,0.05482912327905187,True,True
954,-0.22327120026357494,-0.32489692860361963,-0.10162572834004469,True,True
955,0.4875430015171084,0.7304154081757694,0.24287240665866106,True,True
956,0.6298534729206824,0.8702261088819911,0.24037263596130876,True,True
957,-2.6751221408784307,-1.91718805784567,0.7579340830327608,False,False
958,0.029349878378132854,-0.002884087942013558,-0.03223396632014641,True,True
959,-0.4751286380437114,-0.48232767695472223,-0.007199038911010813,True,True
960,0.24667974955496125,0.4135893238651085,0.16690957431014725,True,True
961,1.9705477422836124,2.1578612677460542,0.18731352546244184,False,False
962,0.655836146798078,0.6066905881505615,-0.04914555864751646,True,True
963,0.20906493943909335,0.34924859601752134,0.140183656578428,True,True
964,0.42971868087435705,0.737974325186654,0.3082556443122969,True,True
965,-0.14712817873873063,-0.2477031529603222,-0.10057497422159156,True,True
966,0.22574919913668823,0.284227079770782,0.05847788063409376,True,True
967,0.47086806779034684,0.6046551149217367,0.1337870471313899,True,True
968,0.3117850081364777,0.06539622405757228,-0.2463887840789054,True,True
969,0.37905774513927426,0.5140739210835097,0.13501617594423543,True,True
970,0.14851719390411744,0.13006417209785326,-0.01845302180626418,True,True
971,-0.174114515966435,-0.32081281550996543,-0.14669829954353042,True,True
972,0.7327631272761512,0.5817664341573314,-0.1509966931188198,False,False
973,0.03865542290257429,0.015343589405832692,-0.023311833496741596,True,True
974,0.05853620739718046,-0.013021144283821506,-0.07155735168100197,True,True
975,-0.0862210916234496,-0.3865982878794938,-0.3003771962560442,True,True
976,0.5319741502569542,0.86705362946025,0.33507947920329584,True,True
977,-1.2037594617276328,-1.8421677683545568,-0.6384083066269239,False,False
978,0.14917992147965764,-0.1306463736889487,-0.27982629516860635,True,True
979,-0.6037422916868979,-0.7970112141608574,-0.19326892247395955,True,True
980,0.380641451348687,0.40371715676718223,0.02307570541849524,True,True
981,0.5460075609416264,0.9009702970888411,0.35496273614721474,True,True
982,0.5531041103799332,0.7977888487471705,0.24468473836723725,True,True
983,-0.5669415424572137,-0.40643316428740217,0.16050837816981156,True,True
984,0.35599547205428184,0.682883798712357,0.3268883266580752,True,True
985,-0.2735009468813765,-0.403773933213758,-0.1302729863323815,True,True
986,0.20581852788289873,0.24631248401709582,0.040493956134197095,True,True
987,0.036128803673122656,0.020118463458591584,-0.01601034021453107,True,True
988,0.3465789429658661,0.642927017153125,0.29634807418725884,True,True
989,0.12383982795828335,0.15131192589111642,0.02747209793283306,True,True
990,0.37232857042051576,0.6079318092012724,0.23560323878075667,True,True
991,0.3482588910413278,-0.4234237940233294,-0.7716826850646572,False,False
992,1.1707029603217916,1.1338278349698747,-0.03687512535191684,True,True
993,0.3930418093295671,0.6398834626009817,0.2468416532714146,True,True
994,-0.1316822468381298,-0.2497838146025826,-0.1181015677644528,True,True
995,-0.31401096886392477,-0.5351248898525012,-0.2211139209885764,True,True
996,2.0099858132939863,2.385467371841864,0.3754815585478779,False,False
997,0.19377529660739212,0.30432467253613016,0.11054937592873804,True,True
998,0.3522657397401903,0.6375271686554798,0.28526142891528944,True,True
999,0.08033490566242385,-0.32623057571901626,-0.4065654813814401,False,False
1000,0.18365877651565216,0.28286691780289486,0.0992081412872427,True,True
